35.41586025714236996,1.5420169321167103149,65.263359160206832144
23.4754108070992622,3.3258313884048824605,33.610092437745713312
8.0071701925056437688,4.8126855709825893115,12.832350963139546707
38.308829985955583197,6.7986597944526838688,86.96220205064796005
13.100899610636600912,3.0180491869065946275,14.315270423041942749
42.99134732511136292,1.9257866258333258269,96.112581025624763242
31.610486449060566372,9.8376594598106201772,70.181220618736318784
46.677434658994222616,8.6853133900251240362,125.9211580215222881
48.547572276622027232,4.0844518515077590237,125.58854310759372197
24.107875010108841707,9.0193115567833590518,46.365328762334357293
43.426261727185170969,5.9232329271342338828,106.37290049020775484
31.411529432378753057,7.5606376893512692305,64.742467969392890836
30.605326758355861472,2.1895215182682252752,50.765731720168162155
10.947284906932477355,8.2766884202777166735,22.650478902702818829
18.359583747550974664,4.0333550716657189383,24.723650907970842638
22.836337729513026318,9.8000930291393029137,46.334153484442929027
36.96896459048618766,4.820403873707347131,78.328779409864196737
7.4996722697236188893,1.6888673199377195466,5.646153372512450197
42.008607845825743254,4.3482956514243813473,96.968673499495125156
30.169797323237293796,7.8216142816688556394,60.485284807987895306
19.498319909824317619,4.0461158017170060219,27.255449593852180357
27.257323200079397907,5.5049220944207739592,48.595663248072703766
46.437119760276388547,7.6996596241382215808,124.69535408338400373
18.664902631635872154,5.0129487738932683172,27.069786328311920443
49.032483758941111773,5.3301050263720561873,130.94902232064114855
17.198323216520549295,9.1757452297762576165,32.6007337727371862
29.052514087715124447,9.8653622232302122796,62.539720203867013026
31.558454614371427738,4.4567174344209776748,58.036852068276544969
12.275628213496336372,5.3000594384040944362,18.122222342103675885
19.840207529707043932,3.0456492111030852854,25.606211124354395281
22.996912047138341251,9.6624637262658517045,45.221116609760187544
33.693609235652914435,9.1967963774179573022,75.494013643901055843
21.811453544220125167,2.5783153426157698895,29.739765933592401836
16.172868058074335806,1.6792478580228649143,17.775858257298466469
16.554446830899991028,7.312953452941022725,28.375867405872206461
40.193908405646773474,3.5853638842955750654,87.871841265848360081
14.760819342942468779,8.2660974207386193058,27.449952310853692694
40.853067255195604446,2.8208281202674654331,88.476532550329935134
27.103415640096738315,1.0722782826063146366,39.890875270307311951
31.016548796187596082,9.2621152796842700639,65.655193759134164111
11.855918574558936385,4.0843683516832252067,14.940810881563091783
25.757361365597915892,7.576567007574560364,48.708805252335025671
35.438528031545672548,5.9895965152142256471,74.087594197864405032
29.740755465413752034,2.0841562955068182461,48.565780121674308134
24.599701852272129798,1.6796378619744785077,33.341329118225146999
8.2953648779981143946,3.6043683400452488641,10.529589983598459213
38.014261324313366686,7.1050612266605188694,86.156515069789477934
45.748756765684142067,2.5173339612117731079,109.71155672236476164
46.448714976539299926,7.2328285229102693421,122.28430261491993747
47.50364201564617872,5.163026294851247755,122.83044228809930587
9.0864482549621783392,9.2875314151873720192,21.952125016577539895
10.880599539411583976,1.6012400129088728562,9.0569639311264165116
17.95236142423400949,6.0534162990194557707,27.539463923241193299
47.373398768631233224,6.2350180859069777028,124.34490475224323802
25.934819328418917905,1.6293601523195233582,36.22471100730795257
48.679121673064805975,9.1818409849288027402,136.87307108012197432
20.253074056156258109,7.5778997965360570532,36.114853164007570285
26.529145092122544014,7.4638861127907256687,50.567045514578921939
13.522997053455881655,3.4518718652373783229,16.03527429289887607
42.480522703458198919,9.4622004386854570157,109.13521098786087293
23.908641621134066213,2.5607255296404760614,33.428258823557655433
13.874131022420534975,9.958396212122389457,29.473905170885853266
31.611861363719874873,6.0036129361578725039,61.588353157479147626
44.577818742815345843,5.6623317949280380645,110.84182773825389745
32.493157700896517781,8.6819154504150688467,70.106896440025579409
30.880518441971055665,8.9706840776524519043,66.354784464637489805
24.029908073714704386,3.8394552242383306329,36.683398311048513563
24.584799294530604641,6.8770679583135274626,44.095943230864101281
46.647772189193155157,8.0063279029872020942,124.86841202228872305
31.610698155571615331,4.9391241633455189586,59.235328234363116451
49.018461434624583717,3.3546842501915010715,126.57256098467276217
15.735683003308963634,3.8945114016444204452,20.313017546265353275
49.388335392031443405,9.3504022685303116447,140.83295116285046333
44.327105495762658904,9.9929778149099295348,118.49268081117868689
44.097377085070903036,1.5984681401754623487,100.54298764290636825
8.534006267023780623,1.561429201575239567,6.1308264359275135291
15.256023679171491381,8.3169215939622418432,28.031432176367243159
24.672523749629871048,3.6463466969224840319,37.438404931275130139
35.09618385839476673,9.2750841986734009481,80.410821388520659525
14.461159015182522225,8.7889540845585329976,27.421251015259102246
46.547212335377409431,4.9091724715254461131,117.83702986744758334
25.86774479541085725,8.2615984854680348803,49.976889612189260959
28.129650318168476275,2.0226481327206657923,44.022040784100440192
23.045562435585285499,1.2946800779388065727,29.464037911181208074
24.447824903852684031,8.3102406991551873716,45.773539820866986361
31.731822635308478908,2.7581887770517279357,55.616919003970409108
30.684320020098887483,7.1766354406309664782,60.46549989550390336
49.180403207486136807,3.4136918665097830683,127.43925829453806386
43.578893722130338517,5.9702211672226113137,107.77780937500554614
40.107504940753159417,6.2847895848052406365,92.799565000062088416
6.1024139129146481864,7.4915114598850447436,16.436886318854806888
11.456273204547944289,7.9724834369843122772,22.43532846017343374
8.2781813903469902982,9.8247644195356382824,23.276719268046637268
26.29785847595107029,7.8552375285812274797,50.897826124712572948
13.621827778420492194,7.4905521165751203228,25.039411315093360599
21.873157377705279458,3.621544437105799652,30.55750201430241475
31.801568696132768821,6.8265226585218838906,63.68406442956495539
40.799725722923284366,5.3476030076019496207,94.268295982556182366
41.232638690864916953,3.2424147132556342399,91.7156437613678861
41.470816375612422178,3.2608417647912233406,92.281337649464532547
36.237978996442372193,3.6999995199203761231,73.609800886553827581
20.067089481742499402,8.1340893341033329023,37.201829223933195578
48.206762953332571442,6.5206062490809948429,128.66557547910932158
46.890593255330948352,8.2209123739116094498,126.38962420955868993
20.391604666272957758,9.2854904187544047289,39.285564128261363237
37.934347503136194746,4.3491221213319608552,80.682391640681970557
30.256482988118268196,6.2856619963608011403,57.657659123542671864
10.981700360177441667,8.6090676713191172098,23.330183337199994043
42.211717185838182331,4.9950145843916304855,99.047385301202254482
43.908288846312075293,4.3867667421380485138,105.54005884355169087
16.790929864070022859,7.8665109133894910443,29.983456664509986922
10.421428233551505826,1.9212227416890925724,8.8321500748578003481
22.661942365218358475,7.3552138162884661554,40.630647240671947884
31.057536827703540183,4.1536451031011498713,56.281282287191189084
27.555126488554211761,9.0661986563869234601,55.800857234605672375
35.478339402562241389,6.9438518494016481242,77.191989509920531987
21.215885826987264551,5.4334371689054936638,33.386426320931725797
14.697254703320307812,3.2766111247382569971,17.547494134051078163
38.99152399001898317,5.620675839406889196,87.605876284812993049
37.877135719349723786,5.2227446335058322902,82.009041782643564034
46.283846515329429394,7.7092676714859962317,123.12776979879407691
46.046679273816252476,2.0224444231442983977,110.29081618421815847
35.7423001117061645,8.7578700770642257112,80.873832755457485177
18.140260874414138925,5.5294274422495561794,27.718115780842019547
19.206646396276703115,5.9245499499746046013,30.517981745307448449
12.921441825510921575,1.4648270340523752431,12.204412109681788579
10.395789574751223228,3.4193598494771224594,11.83014939195873616
12.586307506118016519,4.1589941423461720404,16.255393485734597192
39.450801381967210091,1.7797015889916363296,81.407209328595087072
7.7163417572830104163,6.1655810845134721987,14.716007058797393015
25.776962448492913182,3.237326097108087275,39.392495608861494816
47.321438040120149537,2.3134194099119138599,116.26702487168141431
11.703828300917212601,4.6526295982772527537,16.238552332952785662
47.190038143337922349,7.909411612531427771,126.80687561273741437
48.948071631857310138,2.857659201579573871,126.14787063555380087
28.190566650114728731,8.8994292556284975149,57.910209664600934332
40.60925894276955006,6.7567606514069273871,95.953034325375227809
9.4280288216864853723,1.0289639665068848196,6.3144117869392921705
45.599595077285101752,9.9727917789674407345,125.18651492708146122
21.107623721815201634,8.7641715964298043673,39.913259605986411316
23.002261589683254073,7.3290726228392726327,41.374821449219894021
41.778686622733005152,7.2606131558833491013,101.78993945614156758
7.5390720870503304951,8.8090683631991630875,20.871329013743075365
49.772817977279459001,8.2081514263898078809,140.26987065736250315
13.852120717305703934,3.7505937985090014308,16.860213847632021356
26.163273149006553098,2.9887697085484683512,41.072456447061838958
16.026010192069584548,5.1623221092440303437,23.104338284903814582
31.33890010547698779,4.6288504243394363868,58.803157018558493974
19.236706418302290444,5.9910812505825834506,31.401652627744166324
40.254881709701642478,4.6191542124859630292,90.653456948386860859
26.204998508105745714,6.4474056310572374073,47.861775005508384595
48.211673521943055221,9.3265775416803275988,135.39593569763314918
48.387234050229189108,4.0432484817987486281,125.50089023414409439
44.427251314609385702,7.06900766604261932,112.54772627280529207
35.988013461132055681,6.5779850054786308533,77.586630411893310111
7.6708553862153898706,6.8296981016738564918,16.522158731093636419
12.845528440280428839,5.030761221261031757,19.391196782548583144
7.326091158660280378,4.5556418513477439092,12.184514566208241249
40.876523864960397248,1.1458187539779634001,85.746383918434801785
17.755577193751534537,4.0279833663277866407,24.297152656676857418
12.037736267514464572,8.6764210987137229125,24.74639304341125623
22.33092897952342426,5.237996996108838843,35.400301328845010573
12.763173799988758006,1.8843560227258722151,11.932037007250778871
39.741721092314669761,1.1245100479849143849,81.800146780378511835
46.961624311355180339,4.5568388098451890755,119.28762828641959004
41.469358265028134269,6.4501588098287054862,99.129739152525274903
11.583738682530018593,5.0685179596496006127,17.191541681494967975
21.999448611002669907,3.8017672141157272669,31.827579310279457303
11.306999022084937678,9.5072444581688948517,25.030079744383591844
5.9135102520178790542,4.9407456525246074008,11.472059500434856005
28.752930210885907059,9.7470597911905674238,61.769950805422233486
15.395055419490125459,9.9316320661584516216,31.865897518384098674
39.033462727837608952,5.8034774232399586325,87.623940552291998074
37.418098000266724057,7.1026011842120686524,84.511534214294755429
40.080630843775175265,7.1139059964403674741,94.121497162827878924
49.801202696860158881,9.3684736372995036646,142.61144597807964374
34.488315524766669284,4.7415371697247090665,67.902905598617664396
49.529132452252980556,8.5332251144380073526,139.7705611663315608
27.86227442930713849,1.6288667240776057987,42.646964302117872592
34.08878585795680749,9.9892930548524763168,77.836134443950115269
40.213581816211252828,5.0689420023607905108,91.579547866593699723
32.987058124620510569,4.4519591442090700184,64.49093413245317663
38.03900751370542821,1.8964320013725362024,76.148050083934208487
41.575582950700841423,3.4615120341044836039,93.697875499655026488
27.143336633002981273,6.3750833063066121298,49.589568710709961863
27.77810245808726819,4.7672080813692456758,48.826039697811467022
17.192241052986197758,1.0922836623296026115,17.16490138304359192
44.568463119244455584,5.1067106490611084979,109.54940074453290322
18.063848180291081746,8.8828486535529496138,34.532552214138867441
45.371681359755200447,3.3023405049160010627,109.57875100229558996
17.243404207413750129,6.6890739565254326848,28.472043427801555282
36.579111000121073971,4.3111250494612045614,76.309336313830627319
6.1363271677926061187,9.001029009439280415,20.172367120742432434
14.155508520713766529,4.4463082346617008866,18.683736102722882322
41.370391847581352351,5.7786632460107085763,97.13855465021430291
45.616219380262464256,4.0849504916141334832,112.18617414030074997
21.090210289134372346,9.068032520684823794,40.129357402952571476
45.099292458959489238,7.442820092192629744,116.57934840586541725
10.622644948569515577,6.7424770548403918369,19.116948460861468817
9.1317741066029185504,1.5687435475933990681,8.4167848597743102346
48.047976716330822455,8.7240531606409419396,133.51861626015087836
36.846973407471089956,8.6607114746949154238,84.753011077731230216
11.566160246229125974,6.3987843353665248003,18.600086375908709613
22.468311792758203893,3.7522592090425126443,32.430738638523877171
38.03575819220652221,8.9521355342981348002,89.98050645175634088
6.1563441123940236821,6.3113981782910029139,14.91132879585744142
48.044321158557174556,8.3558743549512488613,132.12335954860779452
11.498454865889133458,3.6287873832158692444,14.372364684792648504
42.075864790673868754,4.3936678683061130002,97.801518164359265484
19.759701554377173238,6.3989556799466189574,31.607202588915459529
29.61167219057160338,7.7667039478380459627,59.49772406521975654
37.973227150379095463,2.7570731153358831733,77.778636854561625569
24.768488885967677504,1.1690686878052916065,32.943390613133495037
40.792486071386122148,7.7983329503493710178,99.320123818751810063
18.084239169000209557,3.713165215918448947,23.631566064055121501
12.969976705315627186,5.7264856304731575065,19.798691484720933431
15.102734021451704294,8.1836374848323032438,28.009934518575974494
45.642636423828143677,5.2630486672690706129,115.31496656746435292
29.510174831371614346,8.3066156191519056051,60.089158331873655072
45.644623700658129906,8.4418310921806423153,121.55152140954913875
27.765009649338878717,7.9496946003227426658,54.86936132915890596
45.993539724364502774,1.7495938409685769521,109.35507319126550385
14.596418545829644486,4.539958166070293899,20.173447594897339741
11.58750651484716343,8.3228480438339378367,23.461277505062366089
48.731969949941117193,2.9649829577058226526,124.54138926909355689
27.723444825082129483,2.2921411485202085601,42.977688361546292128
36.795547438140374652,5.6845776047376919138,79.177206408068954602
10.177747519589544822,3.1055797128203859181,11.208531625489758454
14.767061869018984765,8.9629263967840788752,29.278207219769125658
5.8309367076145459663,4.5899578222147798812,11.499602218129902909
15.161678795041920509,5.3920116062930434353,21.48909215498287395
9.5461393253652406798,9.9952978384441486526,24.350927903847452427
45.155840190631025166,3.8385351542324936958,110.44459022857377306
28.262240122622412031,6.031061891589910573,51.690402615495692373
17.801830477204752867,5.9630312891950607579,28.485015637526377219
8.8404468809037837218,9.9708263606468623408,23.863708415457217882
34.75744221042312887,2.1750690691039942237,64.239419206163844933
32.935401479071558128,7.2906009260841528885,68.296927506018775489
38.302423180022316274,3.285245526386182835,80.067314994378122606
20.010319558091261172,7.5163837603676109111,34.861630893888573723
26.27378100863866095,6.6435280905603999457,47.157187424227153372
35.256346603272916695,1.0585218949000916311,64.699347238523344572
7.178078028193501936,1.1733821793603269601,5.3613206820469985203
24.803905873477148702,1.0907069853854678421,33.024858256053782668
25.929563900811725574,7.6141215851051322616,49.414118067308002935
31.777292845049178283,5.0220046755303968666,60.479770373311446008
7.724905829730179363,4.4695683008031146244,12.020038759318746102
18.053747206143512471,9.3886311877660428848,34.953696156091041303
28.981201137428904246,7.9034698584494691431,57.829395535222154479
43.881593967201666828,2.6124152282985506623,101.35385883522403105
17.673274480105952478,5.6220106116577204247,27.17892573689607616
41.13948227891445697,7.291028902684965729,98.776158912738040385
49.883398208701649423,3.3677913586232790522,131.28659116661714279
22.125356458969779538,1.3184979361337143544,26.464712613956752563
19.887360978722981031,9.0027339899567913051,38.24340132427354888
47.596837202640642772,3.1128765601766947846,119.98057193373895757
30.928328015098053072,1.1757451892852306408,51.39013259852204385
28.397264375093179467,4.5608454862806659946,49.768822427139653541
29.458487184619215782,8.6582594070603686731,60.09857232850253439
5.8272892513479508381,4.4168621507230056977,9.9390681014939623594
28.196203674486561397,2.9808287560915571746,45.706206834719971255
13.072927149247119516,4.4669138359650881753,17.747575523807128661
19.807797008196601496,5.2159781530128501714,29.725805285977873638
38.600092980031213585,6.3531962120329481536,87.271426884372942823
6.8779022296537739578,8.9822964499141271233,20.659952018973129384
47.638982508092929891,3.9727788141128224098,120.6097576759197807
41.603151115365854196,1.2514350458752012685,88.547255085632031069
21.85194882618336365,7.3214380986498150961,38.753964911317801523
37.903176900528592341,7.6722431703023330485,86.508555607040648283
39.954534952333688125,3.8218106887598470855,86.872289218237170871
43.558484600150741528,2.2798844372508293432,100.14116414588934845
45.572031874455880995,6.4516725231091580639,116.80452191429064612
26.17052263831189407,7.8174820555457564808,49.506687660103075643
16.180947246559995278,8.7186760940862075842,31.064764923915912931
45.33335965373840537,7.9532821173706000906,119.55174732951306282
35.287595834626927171,4.907211462737121721,72.445304833334930095
39.994957720078282648,5.2032405060271758046,90.432132638460970497
30.009366532541339012,2.550770322281219471,51.067397456127459066
38.335414034378537451,8.9213548320711240081,90.564602905567241464
30.608592951658856407,2.2435599363429656883,51.845188741719596237
8.7694796228563411944,1.5622567132814020319,7.0078500615601599932
26.498110379597857644,2.2020178060765323025,40.566319180116252596
34.542767205585640511,5.1070487743457357865,70.154339537427503615
16.687388759051057008,7.1000806649430447948,28.970014274613223648
28.282330960122123997,3.0529413778344043351,45.785437606940774913
25.630256339701674051,9.7646782975594312859,52.397910802464359392
24.819288415573954154,7.0002561667987048821,45.361663951532143813
48.879562349106926433,2.4199180743244586012,124.13890065491726489
41.399171066411362574,8.2471435934620096475,102.3192851337189353
33.036159139159316567,8.9190166727320843165,72.973772446385581247
28.507975857636953521,7.5787220497811649267,56.067235725419045878
41.894174585643924047,4.1843711083240746618,96.214753153301089128
9.9342542008969765277,5.8680804893303655234,16.49067326835355729
26.256164253973530265,7.8587384607889010368,49.89901047352024932
29.405408135304192285,6.1755068141994806652,54.893834566720698831
46.095885024289728449,1.6575051676037817483,109.08393419536483293
44.010767626486675397,4.594593405873856895,105.46677219182798524
27.92869015311430303,6.4832534887179109617,52.304806872239666404
39.798137464514148576,5.237445602284415358,90.26408496888710431
38.536086937586865986,2.9692363465238167386,80.610544438716488003
14.796628626900611536,2.5739448374269016107,16.265052717715200004
33.478024143970301907,5.4211922916616437362,66.706982488454670488
31.20663240017702833,2.8284931476102017633,54.561577520324235024
30.497383183786144656,1.3587289069068440028,49.316510257961937214
46.084549699280458412,5.4267799513813335111,117.08278873445051715
15.374133116004321309,4.8754233402281421661,21.571557249179555527
11.176631439725859707,7.2232996422827504546,20.187057890527448478
28.902051498940068086,8.8141940850879851865,59.103941152617892385
40.336629842661380962,3.7977864038124398149,88.448896057700494566
10.099461074734149335,3.8578062624485918164,12.584367447334695811
45.862305904539901746,4.6708836722341926517,114.50992355607523621
40.898678758736451755,9.4465088777548729126,103.42676124610770216
31.570580409758314033,8.805865992937828679,68.328942517202250428
24.60381179781344585,8.8130992241487486893,47.989708158650309144
35.621923370912689677,4.4869096949427937915,72.825433979432602882
49.988787662945306067,8.2281714024968817256,140.89111895308715816
16.689030872170825148,2.4434098422083421198,18.095345027018673534
16.344665352564923921,4.7427790747510529812,22.034355523532756393
32.203622763119078343,6.9881117406246513468,65.57246546773602347
46.373977082062538102,6.6375515684591421817,120.32903918604168325
9.1001959524481179642,9.8675852271892061651,23.484588683236292894
33.61471784305259547,3.6770266537288698316,63.414227547509966598
13.837390548787938727,2.6669436332235081366,14.725223112652983559
11.257899655899905156,5.7170310552937184667,17.398309473486072818
14.787503287689997222,8.4977312524447246034,27.290286625075339089
20.108271956204205821,4.7717474685335146134,29.74292997523930282
18.960992859739569383,7.4648276389595480396,33.154374457469131698
33.23612022143020539,2.4292284821012670726,59.571213908864052655
44.199999872861539529,1.9782846220585268426,102.40856340611034625
32.124998510846417332,6.5156000530365680845,65.047612146467940875
11.610440265988524189,3.9721065738668714928,14.70327474559729275
10.140865840029828604,2.2535309608278031313,9.9250763249968105839
45.848807422645791121,3.5692038953865301565,112.26057555374259778
35.903196414323879537,6.0965423933020925773,76.667830663787626122
14.026290107408115659,4.9110307451233978782,18.908443105430471576
48.233941956177069699,9.2927608073395475685,135.59199453133416569
36.6919029111064674,8.7165412116875273796,84.567793770490496286
21.526203499331192148,7.275303019926455228,37.037946913544210759
7.9093174902704017626,3.2768594766226946113,9.2886864708533938284
10.277807504850459352,4.8938996900484212915,14.851677813169457565
19.648886743142725209,7.1547832844087047022,33.726535720037389865
42.595620970754040968,4.4926223489948924339,100.7229600845384283
48.081077347117208376,6.1619803874477101502,128.07136293380898451
25.104016630388422016,5.3710121932919179244,42.768351192230760205
9.2090919725868687351,6.2971200727659795149,17.69635586701375729
44.001557550923536155,2.4183140469515360671,101.46291850674374757
40.688747844287100008,5.6218543559330633741,93.871911377179841907
19.921906379482670957,7.6538975901429777693,35.148731636100286835
10.844015920058900804,1.9946888583661581684,9.6500820537725875425
49.409894542970299369,4.9398063285632227704,131.41121818808304056
39.661618480445433477,2.849581456176970562,84.248845459740408614
35.689778498181269129,3.2099159898800970758,70.384860189848353684
12.627819607559107595,4.0104942434487700353,14.69524129303101212
25.757987350016392725,1.1523358016333196119,35.35942948254268714
12.013631060591936972,5.0762845760578256815,16.818670255653607626
39.030472338492202766,5.2799476646000460534,85.954246200106680931
35.45834170080558323,4.2641036805724041869,72.203262306374696777
24.95947311638714794,4.384529083698657459,40.100364100016129498
45.084612634502981621,8.4885796024822148809,118.81815864858405973
47.432198560745767679,5.8840591781661686355,124.3698600883829215
48.467707627790140634,6.0421688503312562801,128.87069095336354962
38.317322523661850653,6.5847828050788175247,86.928234623719717433
25.303957537299705649,9.9003627830149802946,51.231971965152141024
17.50540286139763424,6.9883096961194270946,29.292972580767550284
33.342838236432200461,7.0404955871062968598,69.621326152212688498
18.598122888864949687,9.219045053852180871,35.311493142356518149
38.661539721938822822,9.405993677651224516,92.670327578131448831
8.7076288470618230519,5.9666059419272183817,16.207171365295540255
13.799412119874027383,3.7138702951690003573,17.667356533324241497
36.353703078119764314,6.5612487846206475339,79.629841147884704355
5.7264223116813752767,8.543805073484985968,19.370165547624552005
33.395442052708958158,4.5182810151771377605,65.902784430331891485
49.457876759927799526,6.7352365258873660991,136.40379618335862233
47.618016852570335118,8.8803313309793434627,131.40575535534793516
21.839511833041363786,9.4192678726182261784,43.067659105890228943
16.333846424019458965,9.5935543892079664374,32.908126932446108981
36.558567883568208856,1.2006852115618318333,68.996499527182081124
40.7941650857566529,7.9705147569881553693,98.263159124673279621
5.5574006743654233986,9.1869830603602355978,19.594429876501429533
34.725491583076170343,7.4502549181328294736,75.386602458178785469
43.972471972526207651,6.8149711522985434442,110.17532134819842327
35.064757656912675543,2.8876284003628085451,67.359015673809565783
37.385319174512908091,4.8590824591479417904,79.388740335236590795
45.852043104585725075,3.6121720226042186574,112.16667884410763634
11.88170865554233302,8.5172906328236237528,23.436432747969604407
5.7137821467540579334,2.6404419831466565682,6.2490484404984192324
9.4230865271589365761,9.2497503547638242338,23.678136421639905507
5.3036165173884270985,3.0469472200679521556,7.1778247719876127064
42.799728940061847027,3.0875499237394090635,97.170848706937178463
28.077616593431791614,7.5761788501845543919,54.236853092995744419
42.039368765605274803,9.0490785774917235074,106.51437729166819679
24.553973371727508379,8.5228820202946415918,46.939066354011224291
23.116399657433237991,4.3860548812136297414,35.867906827882663379
33.179518411123694932,9.8574877841101553599,74.228275337016640378
23.36436195426940543,2.36776637597221562,31.751784677406334367
12.990103568356596853,5.7919198189377976149,20.825819062076512012
22.589442960687151185,8.0704591634728242155,41.752091858975390437
8.0300942033310214185,8.200535443770288424,20.107082429941446122
18.466796657282650074,6.3041334815990532903,28.854388732419007368
45.522691880163868916,3.9449628220157455516,111.0539618151343717
6.9304923529364845791,7.5098142013385285054,17.788409567219456875
9.7278537253788535111,7.2829984571729724507,19.017008132505839768
45.650001753093413015,9.6106987574573938815,123.3649247342252977
45.502703812302591757,5.3899927713205268986,114.01818870298370712
30.318614514964650652,9.5879571057951782365,64.59146836827954985
45.448383572887394166,4.4417631246765809649,111.9719163055992226
17.697937804606578283,9.6303390226567557875,34.739425762239150686
16.334824827016053206,8.9869497728711369433,31.74597682788179398
17.345246732906858256,1.5627080605980263606,17.500671950350405126
8.4563822833618651487,1.7318930477896392617,7.2040163076291943156
19.379956521477971876,2.4849813662366022626,23.238810188158751657
27.376092972206894416,4.3369132642759327112,45.885021385850677689
14.763385634897145948,7.4025330104808153564,26.33333959888829412
29.156936634383498586,8.3516966553329083922,59.391424248109643713
43.082955833497528886,8.2117103963871969086,108.91401408395756789
31.54279072390362515,1.4488151515290879079,52.877182567739218655
32.012641526487968235,8.7296003884420549923,68.901481394278576431
15.496070626434656603,4.6205842091871414112,21.267578365709333355
39.205248587605552757,8.3364291075290495314,93.175705889121488212
37.752730065015185801,2.0701325010715923014,76.120260895225740683
20.356960486813186151,5.505268637212669347,31.746660791849365069
9.8592428996925534079,7.1115089896441041617,18.497504005117985315
48.886110286706731642,3.5615947055580878811,126.64322168343511521
37.174131153312494291,1.1199330892702508145,70.584704651720173274
5.7852302280124661138,4.5799728358249609528,11.541166075095885546
42.521374096087590999,6.6931486079042601389,103.60973876351191336
25.727081247323315694,6.1756691139374897404,45.474323026551680016
10.974933581043725184,1.1938902951388934426,9.1371836663526853073
19.917371039066217975,5.5580556699577030599,31.596297128255130815
18.296153295794560734,4.3548771852004497518,25.712527578094420022
10.385921764292554315,2.9739266706307696531,11.720037013460450126
5.6306274001508080929,1.8635774851724629109,4.9791212783663825192
26.118367545669578078,8.7275518695725420315,51.680781402991506468
40.96523701905837811,9.7180069483123858731,103.11721529790619911
17.187571861064874668,2.0096444928374306294,19.157956471189351078
32.410294540580203204,7.1479905957199605382,67.099504209156449974
7.2844917253145915481,4.203877372568350701,11.252723625934146767
15.974639060174045113,3.4969606071139991421,19.354591224046803433
25.503804634954885699,2.8153145603961009513,38.1694164319353888
24.494772202500968206,2.9129203962655845217,36.393377829595415562
31.87552012976114213,4.0060588683737137217,58.81353130412356478
40.788113183391210725,1.4318141451864860869,86.254021094521093005
29.94029215982617842,3.4800550478249840936,52.422070774004758675
41.638551520043279197,2.4609141689616924609,91.963308200182112273
10.140029075075997156,8.8979880878728145888,22.986636286976033006
7.7956268805027431057,6.7723329010339785583,15.409195860677346701
31.830581935517198389,8.5110289136804375687,68.94595083686787973
9.9105032068716027993,9.1503764768372004568,23.294571201803062621
11.100176436603977237,5.5676256258388319154,17.289490575830203767
32.313366544789865031,7.6082756191368492438,67.780204114849169628
47.850332064910745089,2.5222154961788891825,119.59554097255001182
12.991494392032270966,1.3091228132039065546,11.079248781029663817
46.20530818176442267,9.0580548177872035609,125.60905338452452895
42.642634592323418019,3.3278113730912868284,97.83478005022324453
39.509318192506476919,5.047472892978270842,88.972123614799869529
31.006594906619522334,9.3459957107547992905,67.151854350887774103
41.193156900485902838,8.5814731506803632044,101.60707954034688782
28.614309641876811696,5.2051805290545161142,51.000036871555181506
9.5819119466359214954,3.5016645418495366826,10.936141704612280634
40.706852580569517386,8.9246027241787153628,101.587154171727164
40.596091442181787556,9.8071894015928151589,102.4580289870770855
31.049679808650171964,5.1828772482940985711,59.923418198600209905
12.755611654866367388,7.9258339192700102416,23.133016436565256413
39.752067562765667219,4.8394779502771898549,88.495415679306688617
8.5630102811586255029,4.122767894042246084,12.426746072099891904
22.348699774796479289,1.9207152965489848739,28.153756544018570196
17.061735893427812272,8.4408221674059475959,32.079198181943091583
6.4263806108107077719,5.7903557908859646375,12.742317360139965743
18.371255966222015843,9.4649362949402462419,35.699038290147186103
29.024328218740023999,7.5977802592118637293,57.72908850859292329
25.772444293638514523,4.2256408672445502361,41.446865453383516353
30.95906229744475624,8.9958743764173636492,66.399728872408957159
18.904157740451289271,8.7200045748318384398,35.201553882292934361
46.346175914055741885,9.8835209543230426732,127.11376952260876294
34.816946278031245754,5.9823585898056066412,71.790174629335197665
25.835816116969176903,8.1358441888480523829,49.244900279662196851
35.149425657607693552,4.0697020472662011059,70.104927773197857732
31.453742069673310766,4.23310217791917065,58.063777034233943652
20.818289218753399439,9.7837617213929277682,40.579721810570397622
45.36669500275511524,4.5692288039185200432,111.71448388197130441
47.101137171766268352,5.8031576142051557454,122.85884923371354205
38.13949861989456025,7.190699087395629796,88.432807172706432652
22.826591460051176341,4.1082669931810347208,33.683708041888351659
44.374452339572698634,1.2201555944701514278,100.19411641046028194
18.431730974122544353,1.6551462981464126756,20.436258006768497353
11.106743235993283392,9.3360433376781006842,24.791238220147569393
40.029908918176239752,3.3620110751726004494,86.843282956646476123
31.493723323321294316,1.0096698677995319393,51.539944135027383254
35.854189728959745764,4.3542109360484833047,72.024035355620043219
16.343866461951392921,2.1005660845858780128,17.758541036009681591
25.718779562585410758,4.4899493324216388501,42.638846610759671307
48.74888566286147551,5.6818303596760522112,131.19317833637282433
18.749208072160058691,5.2387009450626562668,28.048993725998450088
34.721016423172130771,2.2806926276863501712,65.094814316380237074
7.6946636702410264874,8.5918660057248743556,20.544053143613911772
34.445275732811438729,2.3466601760797520804,64.165144328697763854
11.181751526633044946,8.8885558806463933479,24.772147184910505047
35.721231310267867798,9.2150016750986907255,82.780156183386665703
41.573326107418345998,8.2023823986938815267,103.54388933748512613
22.07035303215734956,8.7634162802220902933,42.352717713073936068
26.252971704777763762,2.4555848433234577222,39.385532399616700161
34.667860395972738274,6.5504137890575266923,73.251412728796978513
33.840928962425479654,3.1028789785556973868,62.939713796706186599
5.4063556654854600936,9.3448259895765364291,19.764045097021295305
39.654754399999958991,1.0525596727703092625,80.632822637693550405
16.833704799969734012,1.4417180508907381231,18.187569170628389514
10.422570440239294243,9.8700305071093161757,25.665748395265094217
29.475332645145467581,2.8323016389938580062,48.631586809661257575
15.154222544453025634,3.4726932277887545553,17.866494310495500741
15.787034331874663096,8.0799783734493715315,28.332985502426144109
22.736491008385009138,4.0712966304861470945,33.95517400194756874
20.075179382850144805,2.2852953832993074812,24.930415506784463275
32.645753870557506104,9.0439955566867347159,70.372015572182718302
6.6388598501623654613,9.8721751405256767953,22.704673644521889742
38.634042189646969234,8.8284793518563553505,92.452883724886746108
25.824745364167167594,3.9537591301876897631,41.514369136008333783
49.173548452746508985,8.2899386681827280654,137.86006411760479295
9.188322866002756939,4.9398175170923286359,13.866387781995818784
14.832727588571250621,7.3957387954928925922,25.787693354824838821
38.013398130451626855,6.665390284751570249,85.871495534704564534
42.662572938533266154,8.9845366055705753183,109.06624360099422688
44.495632471740329095,1.0650157575013459166,100.93914789623262607
48.137020200362030664,4.769701882285167116,125.30725106568047522
44.65216053441820776,3.0793041446753188772,105.30118826255366571
30.618559740995536345,5.6870532075753450485,58.245496489447226907
32.720330118914517925,4.5909858317934633121,62.581401178144062669
36.625061298729477244,6.6045943902767643152,79.622474322389791723
6.8576530079048749755,2.9823936240726851565,8.314841830404454015
38.799625734995927928,4.7466828065661736957,84.484817719244915679
37.108082320179555325,6.9062601932431597618,82.729330694001319557
27.627967764820851926,9.4337509621226267598,57.645737020426075503
25.010126737715122403,7.7365961400625407052,46.174404977204346778
31.777498312791728097,2.959288459087669132,55.984335697439156831
6.8138149837501629236,4.7476391156986110786,10.979257395165948452
21.959282960313895927,1.1603488863568676148,26.835602043825499408
22.791185315460332106,6.2451409297444886448,37.551745641588539115
16.089076941601678783,5.5322975734706592021,23.732610159689109253
25.273833229233289899,5.9846791831832817365,43.324450622227885788
14.217237988682700944,9.6753525701091867006,30.256528186940006009
37.779750195084822906,9.2972993848891967161,89.822618771313813113
21.944972072915962968,2.5197892246784654446,29.289521105790328193
6.0947639053025319811,1.5420718270771587299,5.8773632776389508336
6.3556248287864693935,9.1457341676318701928,20.574638731499081956
41.083659632437168341,6.0048270730916506466,96.619250601255572519
5.3605045800341102336,3.3714075122492728198,7.3227402804068164599
21.121448264169771392,5.271486810683735591,32.302095800469345477
36.862536600647786145,3.6561731487975954735,75.543207473902356242
20.152773596869931083,4.5083245426751110685,29.240141869949916043
39.051874815949126685,8.9690324121275502023,92.954511057808971941
33.94328831642533828,5.7136455067939273533,69.198703325425640287
10.48821930658084689,6.0787098745926959609,17.732724635190681539
30.050642454937971593,2.6593886847432872678,50.281328302902466021
6.7822850269310404059,3.534253385232744904,10.044432228436622978
48.544460639643673971,4.1569353655123357782,125.98572277831326005
5.6957823498733919365,4.2414040124330831816,9.7040007663818297345
21.082442715091438856,4.6795295458697614421,31.648152037616331
10.581627984398858544,1.5257340782604082996,8.5871724013637109607
12.704320598159281275,1.7413294631237539178,11.271969554885744813
46.813151619984843421,7.2822166246475754647,125.16911213410929804
40.803187472153247484,5.4066963542242074681,94.000260540078414806
5.3406033330135782577,9.1515591292802174195,20.197020340813544692
12.08953355740383806,6.34055194764681751,20.121416586763555046
49.904930429712173634,2.9259748605560202961,130.5079257739572256
37.128799091587424641,2.3233161247346196809,73.83427479809145666
42.232828469899139634,3.7084741178009599238,96.585721774651162264
40.333267590219556098,1.903623468678610875,85.308509734888900766
5.5269612293257441848,3.9112375962189012135,9.6312082762146005166
22.762221178635837049,5.7003988946070247579,37.217177587456951926
12.785698136062771724,1.7620516174237743634,11.268163337616517339
11.082996869857002054,5.5655152037610697846,18.18618670777798485
11.592669950337160856,8.6454824764633855239,23.558322984408661682
19.173484057999843344,6.9842004111230000518,32.275039874217384295
7.8325435302833241735,3.319528573200585253,9.7568272757406369067
36.136586277809605861,5.0304780357787723943,75.816078752475405622
29.046776399231735155,4.3392216345584690984,50.782905742236565061
32.260702235912816604,4.2729282901571910003,60.740920757805028529
7.5248680206290678996,8.1676490537964987482,18.882303229544653789
48.498928689174562123,4.1782089608596333363,126.32318473999978892
6.1006877480295731431,3.3339069793931335184,8.9973628876879079286
47.198021152877316808,1.5291479956453271072,114.48643494651740582
24.682204188593960481,4.6789011413182599597,38.808405549289716419
12.324352294397069585,8.6101245190629676074,24.814192461389634303
17.723681531615739004,3.4170309199872446193,22.70471512469221409
30.356422594189858444,3.3193551337660980316,52.655706863078727054
30.556359692732051769,8.0192919328525178457,62.800314033221290799
19.229807567952292402,3.2198290557727329286,25.581559816260799778
20.270167502600987319,5.0721015385536869502,30.354551816121794872
18.385575632567061177,2.5357926460890514164,21.652942248399661196
23.516864533859664022,8.9499882122780274329,45.535033259187166266
7.7733623469841131026,5.7627376864096238052,14.965725449016613169
47.642344269120918909,3.3557621178217025282,120.4492415757494399
24.385069941699537566,9.8481479623734120565,50.079593222742573744
18.475983720400343202,2.2953360282768215939,21.704396257515309543
15.085942541492705971,1.6353431341287620882,14.491684126510119057
22.096023761085788806,4.7477739111676662276,34.370901484037034379
48.965742198948191799,9.6928465169102651089,140.27663004033081506
32.424605868216893612,4.2016834551065063152,60.428573174824848024
23.273410198390305226,8.3761374635204930428,43.20649483556928061
6.5584304409602252051,6.652032422236434428,15.56671219246923954
47.705161667471045916,3.6890974375510539041,121.60897224603012035
26.407160468343235493,7.7564376060432680404,50.816132035752438867
40.506751551179775106,5.7111855033811176341,93.531190226210043193
41.704947132655654229,7.811399331844358862,102.41211085038364104
18.106894409063194473,3.7444430541744528895,23.630542546822052685
10.081955300831786815,5.7161500359178987196,16.861288648817339464
33.433721438852472829,5.139317177828750971,66.160123005307411859
23.75075604127462725,7.4391949994799730916,43.386242237925230825
16.638884153523690657,5.2386406364674700242,23.737263531450459197
21.763260213507411578,4.585939573105328293,33.13904177961553188
39.345897256378805196,4.9054760015750424884,87.387961664820977603
20.597196444694553463,8.2051919641432462527,37.969694088273158172
29.68064139793424161,1.3126942453191414728,46.653403888282191758
30.382155502992414853,9.9472147022140884332,65.592251220051707605
37.852785963937968461,8.6205324101865237196,88.532063983611195113
21.775110103025767216,1.0548332445807055979,26.226558975909654237
39.298368865821267093,1.5261275623839725135,80.018044108467179854
7.7211013803114409981,3.4534755386970830138,8.919053088618328573
12.577006150876121282,7.905233314178279791,23.270427235402792121
40.43111869256671298,9.7506382157373288067,101.32723503552738009
40.339156979538230985,3.6736153416050907339,88.999547903149988315
45.280525772055824518,9.3920711500482862988,120.66529407396107842
21.894633499982166569,4.2231867933043982788,32.70348732925869939
45.686700838365212007,1.8766896291206167646,107.79273057547999315
44.641551124037455622,9.396877578310476764,118.53013716421882862
30.831810194889371246,2.7486396806665540637,53.021801064361966382
49.854283622854921987,1.2896127831374513129,127.39808972163390877
14.967596510060335646,5.7012244479887224102,21.38322767411622749
48.038992636072208597,8.524791423672752444,131.9140494869974134
16.872488277262313261,4.3737439013980443647,23.11307596980661927
7.719871131931476782,1.2343605949017464329,4.8934945702093495257
27.349351464983403304,4.8660866631683212802,46.863188923227049543
43.644676835913536195,4.9952327182714304499,104.5799224889292276
47.075195943463981507,2.0601064972586247137,114.49408891215058759
42.671058886495750073,7.0132572187282340437,105.51263724101409025
30.590471357172258848,9.5496443333393603581,65.796749067971248337
9.3230670496342824549,5.5718158474836272376,15.361999063662414855
20.213072693444292582,9.1952225964021554461,38.521395435823940545
48.004843438492265761,8.2446933873302121754,132.21332957445886791
22.28287339631708619,7.524263408153682775,39.953612314538325734
34.144370037731967216,9.334087208360347887,77.592138184528337774
8.9275611472844254024,3.9921542504722138389,12.569551201240786398
32.671623039894264195,1.537336519710128746,56.843036665523534623
37.471471592291692332,4.4084523259689145647,79.805733065288023909
46.043172518078961275,8.6464062454020051973,122.42500736335642841
17.71317680031982178,2.1856291319885690072,20.361990750362256364
27.359296332142875485,1.1953458232713769505,40.054153376063389658
40.576347042424849576,5.1886950353161598315,92.412973665533016288
38.565805301360590818,4.1679522266915753903,81.997403367708059818
35.034570589051995171,5.0111233866526170289,71.863908428197774469
7.1545188020418493124,7.6564378270540505156,17.945612051694830313
14.814701639665168287,8.2286337288829187742,27.285769497722675681
45.833542497210878253,1.2051011658333434795,107.73654719054879081
20.612741236110274201,9.6183360412490053193,40.896809678531354848
17.487802349122745227,9.150948835298983397,33.603900693760131446
38.316815290914817638,1.1018065627041386811,75.143782653413524031
11.88347737554371264,2.7108067771695871784,12.424835702002768656
15.253886329921209963,8.7339836671229704734,29.07627893824051668
14.33296448800554046,3.8717811663557144541,16.839916136406902325
41.505211105677872752,6.9886414050619993787,100.08651825309907224
20.335930912510242763,2.152652940286723382,25.206416307616088091
26.979887492878901867,9.764554311008144083,55.130950723165270233
42.198001539610338284,3.6736053087579314536,96.492638678435781685
24.057080509568304905,3.3636610321951057045,35.662902826565556325
26.207544861301613537,4.6310066598025034779,43.300378650018686244
29.676699596109770596,8.2590581821927440132,60.348748952682747415
15.263663352225703917,9.0387727576425245246,29.338787588154108477
40.51459779722841148,7.9174735979322807822,98.435443345858345765
23.745695519448496213,5.4839994475740230229,39.148556307775585594
32.449004457342340402,4.6268563361651242616,61.060987518749421099
10.464337281712468908,7.1130096105855118438,19.890578851076543998
11.753832665932304025,6.3856099606379670419,19.150047818734069693
40.835961492547362184,6.3582051861589476971,96.302464221501296038
16.943481632679571192,6.3872852257474743709,28.165241172941996695
41.516624832184284344,9.3342529280998878249,104.88042349586544333
47.546269288543818732,4.5509956774705493388,122.49733558661854715
31.225493110674158004,8.7375591294027756817,66.794874251245659025
20.532647834326763103,2.6385523192418345317,25.844693637479124959
29.661199329774358802,4.4907411376519306145,52.543680854549059234
21.558944465053929918,8.9913232225037305057,41.921814695007782348
25.311416447910943361,3.8185818165609832775,40.554202481987609019
17.301490038073637834,6.4922966835512152528,27.49613306716934602
8.3517458612901407378,6.7168710500718900036,16.567119480168539525
26.724957953195556115,7.118716000226606333,49.948536057764258089
27.487617988033761662,7.7809575583524894782,52.561738139622782739
45.277504375236112821,3.6780463136559125026,110.2247872390089185
19.127476449192602814,9.2160665890808779466,37.382525127524864672
9.328278060475211575,2.7530323741691811179,9.150245442131241802
34.24430255475645879,1.2425800907265416306,60.755579053108853316
22.413195440159530136,7.4570779449094706237,39.892935298262415245
19.011353530323376049,8.4654919726953643533,35.001649316410770041
33.551904423522529441,9.3709085353246468486,75.662736145464194237
26.90135065324701813,4.9258920915998603007,45.114084654696299026
33.246502256114084162,5.9044009597043238813,66.417244941958955451
49.271523844891284227,6.814650381590150019,134.63091645127968832
24.094757205835058755,6.9209205140386877986,42.972196454201103677
36.246101545568052416,7.5594434419986873408,80.897277247207185269
13.506188515718204002,1.1997253142791901581,11.576769595981330596
39.053323648953799818,2.1753404080889877648,80.30290883649060163
43.396446830563775166,2.6431806659392229619,99.604611514533829109
36.091660580340381159,5.1952608276800775755,75.124450943754354171
9.7791456977362543057,1.9126038780227303526,8.9334524892753908176
6.7611606948650404547,9.1912442162044492022,20.586720327907386263
40.502797394165028777,6.2537631968025637619,95.072036460338921415
23.829092333818277183,3.8274454305632139572,35.527282949371212339
46.727300141527827293,6.2134588106711898803,120.44918059475027405
42.946516882611923904,6.2193120942686253017,105.36680912672005661
46.534672568261811421,9.8233321617153617211,127.60145475612229404
26.658993241466035329,7.1193379473919389255,50.250259443963038564
33.569834098032110603,6.8590426683990353141,70.330359596697533675
36.95581226147216114,2.481252506662802837,73.144396716124049362
12.992893846970105187,4.511899284186360326,17.973823352114511209
15.60094637453173938,6.8597550772420152754,25.330143537259768749
10.205631777948074301,4.8629057203971770562,15.428104782195999789
49.727336189860167792,8.2397957290702734667,140.50602001761487259
35.802228695023089244,4.9589561208292591843,73.140480448835120342
34.397204853389709456,1.4518395954242075963,61.98844538735452403
38.552892489553180155,2.8738568163159095015,79.872520603731629762
42.488312288635725622,5.333714778984175453,100.83269248888670688
19.374798752757094178,4.6618312227482592291,28.681355049497284426
16.393434710937988541,6.8179039596580883753,27.542526418679045719
44.818057330172969444,1.3542328069694482551,104.44242693086373208
21.938914403825776844,7.7232483115973407095,39.862158003063186129
43.419600851623492588,6.3965726985117496994,106.72172499571095727
14.678712736021740426,1.9946051791303385237,15.012096170897272884
7.9372254968868940495,3.4811004515056249708,10.917176181183156913
18.138542851205393447,1.5487597990737782538,20.241202579708378551
48.893611791383484899,5.249266234812240306,129.72268891866207241
34.815350317821867066,4.2339706727171897427,68.886499852818388945
5.4367831708584635209,9.3876827171638694836,20.634538156369284678
24.662184221368523396,1.8566772476444413087,34.341335546687950853
26.240871486075619146,1.21859829130139663,36.930407121925952652
15.769414314153577195,8.0280414674380402573,29.181894887554676643
35.629149827521260363,8.3070400250895222172,81.355699209144674455
39.816101423025855865,5.6205426417307045028,90.461407427359503686
26.871193251173551175,1.8600041533442959185,40.007864553179096845
40.226442867796436076,7.8340925914648824602,96.242454534482845929
41.241420199618531228,6.7588117052175364918,97.671427212286346276
26.185596663702877862,1.4931128185550444076,36.714666673886398485
9.5246578877191581114,4.7725609272271798389,14.489840264095750655
33.686383147326964149,8.2944968069993372239,73.54210558916656737
8.7294474707186271445,2.2471045258249593424,7.4720761450221946376
33.243747199987666363,4.2524602681433902873,64.365642778640534516
15.270972586275760818,9.6852112720744205632,31.139718749639961004
7.3242881760546563186,9.3358854675632105824,21.630333890958336696
7.3311163683260831547,5.6006436153036727177,14.754680921307047115
24.512413046698277697,4.7406973670856533687,38.641018951907270207
42.072998135158513833,6.4076136391912275059,101.63771278147244459
5.805645669059050995,2.4313992292383712623,6.5724097006635071594
48.661366828258373118,8.1432503493159593688,134.49312670943396597
8.6384584951909655359,7.4330363724308421425,19.370693667724658837
29.376266003106817237,5.7217293813552965176,55.362517957460489981
49.338282261264076567,1.3759567973398059149,124.38004826242091383
13.263211562251363773,7.5087804708322787306,23.485749552867474677
10.985782005233334147,8.3289818729402522735,22.403364248195011044
27.281537644255351438,9.8667968790567446291,56.181296311344226524
35.778475568416851615,8.9881229534476219101,81.385534544284126923
24.7345968299210206,6.281038265486319716,42.873438526362996015
31.578784134017940488,9.3260697785875823485,68.254334037405669733
29.174003322662976245,4.169438679151511451,51.486176322925629734
35.884346673418264118,6.5582997688734501196,76.015923861951577578
43.490301889651682643,8.9994161343314473811,113.80655575213540942
13.742217113986351151,8.7631246414346488649,27.232576633566985436
27.249361448617062109,2.7254027769625013278,42.09269522209516623
41.949624724734540848,1.6202428434184312778,91.18369605038854786
47.380788165470953288,9.8436836894845569645,132.32736178863311238
29.185975145332999858,3.0473028688265704211,49.340968903662343337
20.133195972943326524,1.7423033533748135682,24.911415321491141128
49.446468223421092603,8.3922810900596243044,139.36837084532209019
9.975456250013113646,7.526375750067332504,19.985753280833094436
19.826997140492686356,6.2704393942853737798,31.371146946367858277
31.727355017470920018,7.6775963212990392392,65.382624821304190732
43.47691171090693274,4.2988718061098687429,104.16872674506178953
7.7827366253595648971,8.2383647146831222585,18.983673579806254139
6.9444509316932112597,9.1866931738938841789,21.038462338887796932
32.351967673753357246,7.7776981090141026343,68.413130252217527527
16.940566229110146423,2.0652807719721897328,18.368903003032489352
33.756087782773910533,6.619291580112918183,70.400845087043734338
13.538904147972539604,9.6711949517777782148,29.652806810603152599
32.904517205912142686,1.7962093003572436878,57.393621813219205308
16.169260300132975772,9.955557646254639792,33.098573425134567572
5.7250838537202159984,2.7576952497809013032,7.0292307112783660727
22.086345673640384035,9.1997895650665437728,43.251613072108384017
17.777831966029239652,2.7857475668507563071,21.471546332437629445
32.078721970240067662,6.4662179112660540525,64.761533842843505226
17.984761389551625399,6.2819921005957208848,29.616292011861439448
13.875416543112466528,7.1531455068522085128,23.180356003950493005
29.467186671128033026,5.2185468546501994069,53.778673219221118984
32.859888006297083507,5.8946385248019534941,65.768090326391558165
7.0453685120269913256,8.9967898329276074776,20.620728293685093746
22.651158992352495858,4.7681032810230075114,35.049485641226411303
8.6482687660897568094,1.7121668831628389373,6.5310423720673806969
19.04114988987046786,8.0961392676064836138,33.905880443441994032
36.225589806865386322,2.0261663865399048845,69.488297774027188325
17.442440849713449325,1.4043350890037782364,18.013098556445889642
31.327835138497533762,3.293412385112902907,56.103850536204085131
12.290734662841073188,5.3933405115350883108,18.523588515926387998
22.353133350238035604,5.8244044624297943713,38.141496222278590267
35.556740748478652847,8.3387099869459593293,79.401956642975605405
42.943150726027077724,4.0916880135029263243,101.12542893911633257
41.648038897436620687,4.1507412736447593105,95.793118943498384965
16.826959805925696401,1.3396892971809841733,17.5022053681085481
20.517649985672754553,2.5312064488699603793,25.43692840538760791
44.351979945510038306,3.8116032839074001082,106.15741422239462111
42.325166635040538665,2.6586071485665190295,94.357746593113915878
26.678785569585269144,8.8382583516702819537,52.98110295143341375
17.360431361298267916,5.2702028970341041614,25.280908838298767449
46.466135091400659007,1.0572556249698181752,110.02668300526759992
16.009706719295138555,6.5531176479978894278,25.449992068029651193
6.8170071871515069972,4.7679207757248249777,11.929325913129169123
38.252243044853521781,4.9799832633731071496,83.01447675324750719
25.763159485015361128,4.4828791405136136916,42.07176633596816373
45.729825741519228188,4.9135368447607703501,113.58818770875390669
14.164742891921871859,5.9635558403151271989,21.539839627722614068
5.0625502037320861959,6.6908937358869700063,14.45860926964357418
14.1468114682117303,5.4630887882940957212,20.730959635504191851
28.862207325356141752,2.7698233455719112328,47.518042730059988799
49.563119892607645056,7.0607917303245688601,136.62905452993030053
38.632583553179472347,5.5048619511634475643,85.880739828510712641
31.139479294279034605,8.1316075572666655091,65.344590691407091754
18.545069689346970421,9.5056197214002455809,35.973723588144316921
38.40361270532820015,6.9324441101951750355,87.149195080591468354
31.933731686558477492,5.6479883584743326708,63.295445296819309533
41.402977849555163914,9.4581739531633939322,104.24181716680108423
38.541924064926732285,1.8978070313306809602,78.460826842635071898
24.054484711311054923,8.9961202000577014104,47.150915029875854145
45.300696582432337323,1.1165569908969414925,104.72677749371904099
9.1978025863424477393,8.2798007399034343479,20.573505599627914364
20.337134518018970653,9.1889881124403540724,38.248120782304539489
20.345671330396246645,3.4221777003748883317,27.449765030867265381
44.155186144012184002,8.7682290796394042331,114.27841322032078608
12.068427229505179099,4.6724602450311047974,15.651217347447028416
41.169288811595151856,6.375044211694227414,97.137002145482711057
11.183438428852340962,4.5413937849172096861,14.867990602979320514
38.637305289482576143,8.9853816734116449538,92.374031489366373648
45.935310939680121578,2.0771180697156097494,109.40966989972899626
48.529412287272315041,1.9690598242092596237,122.13123842484330339
49.570116047774000378,4.6608843063830747155,131.4918425140694751
31.122591184907474116,2.0989271127808093453,52.202156917575933903
29.547389039901233332,6.6284015115934087348,56.527075848381024059
37.990502683707731535,8.4259306477212358999,88.726297789159787044
16.583342101454789486,5.2449623433455601074,23.669117229382532486
14.277686644130772819,6.8271709505929649708,23.528426681251463748
36.356969553673323503,2.3684554925309582174,70.200771834773703972
18.698763698484704321,9.5113609698223342548,37.16297814722779691
5.6115141609345293716,9.553079525836372099,21.822707216314132239
16.562112821809634511,8.1889400827798439764,30.391115105048580602
15.434769791282686668,1.5988637263138487654,15.516292744471682497
29.637876903591756417,5.0114682407042323575,53.957806904587613417
39.237101605243829283,6.3582097632566387801,89.98679435573325236
34.595030986362992564,7.1666735397125709284,74.158137674451637622
8.7337411662670252355,4.3520589055118428234,13.295859680976603201
37.456464489417790276,8.4897059277494069107,87.503331461040886552
28.587355933711940281,5.1291470342346743294,51.543639034304852942
40.107957675925383967,5.4240171626768853841,90.692335571739135958
9.7951430346927388371,5.3942509123608211041,15.468123536927565809
28.036357426204094878,4.314191797717299437,48.116274248248444678
10.557133720101710139,9.8256338677176806584,25.415925298923212949
27.986891042416502273,4.8249090519670287946,48.669892081645841131
33.016962594432470723,1.8780606176365908233,58.815940092186743016
23.628194276077877589,4.801375042901655732,37.303555952180772692
12.917486964805870997,3.2166975808050350949,15.510982755629852292
29.705594776222437048,2.6007603906552931861,49.305853228472216188
43.633932687066085521,4.2621710535654999674,104.42889842258907152
36.083987747316157879,4.9452332863795191997,74.516917352730132507
17.08606758121047875,3.1448489177112470827,21.550856909982080367
23.994667101505449125,7.224117070048808209,42.720560905776508775
36.244752139502885768,2.2579009853224838444,71.022957078298304623
39.055455839225373893,8.1019795258385727266,91.908518480685003738
28.220576954908104028,7.7927871626359328516,56.458975454639080738
5.2941660305159281563,5.364512472707085422,11.022009623034838555
25.576703983022156308,4.0122460404231237163,40.348912823095808733
22.781839857052069931,9.5114639867569366061,45.050563540099794579
10.055022580429778145,6.1864963059275952517,17.270129635042934524
18.306447691606003048,6.3116348626971117142,29.740587943719237529
27.82670707462847659,5.0364254263991199423,48.867333478448735207
38.265474059847690569,3.2820508143315803018,79.447015393215423273
46.070415869577878709,9.126581890015508236,124.84722569225304767
43.498457778445761335,1.4263259920170516803,98.157875683079737428
12.486987841233940344,1.1360807075483581041,9.9444496318691122383
36.105377990841745373,3.5099104324791414733,72.858264888837354079
35.370066203569976437,7.8865689596565164976,78.046609238137392595
6.2262714506577099272,9.0126595743927708781,20.583881244944837619
40.405982387018681834,7.4895113819247445264,96.126132726204076562
40.735480618681357612,6.4753172097618021397,95.433137677982145419
26.456723087932640937,3.1806400760245887582,41.647963504852455685
6.0143268900565072244,1.6338710522033963457,5.0914633643865618851
35.246872992171233818,4.8952610261783728873,71.782513339611341507
30.822224350225933875,4.683131602495824275,57.588698664692294926
44.913817243697295112,1.8107893527714162829,104.29909874055110208
35.417625600938634989,7.2969025443580779466,77.005997797910822555
46.385867350974315571,6.9822751800030369296,122.0582025278926892
10.539066037728311187,3.6575731741705936884,12.758621079859871372
32.450605052881357437,6.8270339861143058968,66.597980903228418015
35.454763538245558152,9.5897278853383571828,82.317211166457752824
38.418600672606999069,7.9291916011278065213,89.562644760055121651
11.72230656208391153,6.4234973701212876307,19.582539708690511304
35.821503177884785885,5.4400939468798741316,75.121063365766531206
17.847740166658581984,3.5386350772714196822,22.306253497888793191
38.230749743308557242,5.140369446717080848,82.829475863947408243
7.8436429384358063999,7.4160588477695545961,18.285145497088777233
23.493879666178372645,7.1857059918321368741,41.360618642212671148
10.966372105245197233,8.0833873444997124125,22.343113421335431212
43.983212657080457575,6.3127198102416617331,108.91596991315404352
10.385340744752134867,7.1656489672792540446,19.929264782840238723
33.04323942812136039,5.6233797625281436439,66.359102754242087485
15.059326171375650105,7.7012351165674086673,26.457291940211767667
16.001532364811993148,5.9210801224328086789,24.409765731650146847
22.866120030856162515,3.2357109116522710934,32.797323642145258304
16.952312842463221898,9.4425779155241880147,33.352677540105339915
27.61469007347079696,6.70391319467638791,52.011576452757651623
24.904800361817379439,5.4258227593100238906,41.86669706991128237
32.201813244162757144,2.727642307245171871,57.718130096812942043
49.07779654053624796,4.3861590682904214589,129.53867637970790838
48.616569781208525569,4.8419485549201857211,128.14254066659736964
9.5541469915118355516,3.2590751215570290533,10.904359613748646041
24.01080851861777532,8.8749302794266782257,47.50960613960997847
39.914420970650510867,9.1685353730859890931,98.207356427300425139
37.269314565940462103,7.7616533214553751208,85.054956503227899134
18.054974563130969045,7.6483656603795235895,31.695016399169535504
43.538258871979095943,4.6769396846005841795,104.33098773609133048
48.881215252110756353,4.7267332681451508236,129.63390804916315346
43.149966004004923548,4.978484807313947158,102.75079447053265369
39.871576871727668845,6.0435977662959734502,91.386201950113871817
42.743218570682515178,5.6277445198921780545,101.98136892121888764
20.420638067805551685,5.1184745540163500976,30.784931398853306206
19.133704853110046429,7.0143461118598668946,31.785406627823224568
14.315835623332956672,6.6205356958066676754,23.55012766558713011
16.682661707564090392,4.9233924049680082291,23.407543018049103978
43.707485034893686304,2.2639939192323321748,100.05680625648018633
31.519645381257372918,7.7071347345493901315,65.423531900229804137
22.246354573223953821,4.4043759739492260863,33.223098050321510755
38.566983972566696082,3.3143979471087323674,79.795811506579326533
44.770549438004067611,2.3861966955328286488,105.07436508078333759
25.53544799764916462,4.6378288839431238699,41.512735656860243694
48.257316997208164366,5.9505983199345644508,127.43088450151812197
15.459647578357445852,2.9139293537405954737,17.84705239441968061
24.922209374193119658,1.5857698602195553494,35.037695293758375215
17.78997706989251526,2.2453884155413699197,20.163375635528428376
45.891296479219263915,7.7163179827769408092,120.31032412473832949
43.009778822419207245,1.4473313748754763619,95.504665943068900447
35.538571640047969424,1.8232590875012470999,66.598741139763731667
46.844074370519876993,1.6463559595471526364,112.91005753074475138
29.399150997948137132,4.3329454512088680929,51.066614975559737388
14.384274349669258442,9.4282707044883800052,28.764588329997629046
40.343376752721589185,6.0046478254533663943,93.790783438627698843
42.750875742866533358,1.5575598169615401112,94.711126945949771994
20.997301744205355334,8.3919134086055002797,39.368565875509901275
25.239848129627453943,9.0567584844862203397,50.439750540779144217
7.5801868643635232914,5.8445019526469330629,14.769785842053501312
17.383937636906757973,1.1910303067277097089,17.565710846226739505
8.9915619541892297661,7.1652309073518969385,18.543945001645131043
35.910761454137016813,7.0582443052502155112,79.147662868043568096
12.450701635288520919,2.9749269313487833877,13.653062579205776927
6.3201721990873140911,3.5341145244690563842,8.7130838868614333137
9.7784441911715305196,7.4029862383027333905,19.60583524766828134
6.8149988119308169132,8.9715082404228585489,21.10603939320930067
19.873452270103591388,2.7711684121633703981,25.02177387023171562
24.487163349894981224,7.1112077515088705226,43.883336163244223371
47.303417772328302249,1.4900553334418402684,114.84423895209738475
16.155768900577090363,5.6478957262553057816,23.377377590109983174
27.633928367247442281,6.6490766272296486505,51.68637626322671963
38.622541485317896104,5.8295900817096732993,86.634457300146820558
45.17948509857958328,6.4657924013561682841,114.25471724138610341
34.186284816138240217,6.681465458885890385,72.060754744568541241
21.151527162760093148,9.3685612344263446971,41.438251511620045164
20.446434137174001933,1.6511691885137012026,24.49523332367332884
43.035206791798799486,7.3977084838704465497,107.66961230989353737
39.221817625697937615,4.0505611095584566073,84.83651721012435587
12.115679895150197609,5.2739260223477426592,17.466072600345146526
12.636980845067871115,5.1980721746264793026,18.322652618079175113
9.059729821420940965,4.0826973565853119652,12.806959270700634335
14.186113286643578846,9.877748918130702549,29.329412304181541771
8.3817409359134167346,4.7447794165127437083,13.391572816990903405
43.516083176067489546,8.0960925416875255678,111.12947114512252256
41.025544993665235438,7.1952480344700759929,98.786383928337073712
29.07535790937214415,2.6805362984778446922,47.812450049656099793
15.662587587354272145,5.9263087429404954776,24.322092774191840903
25.879246430345542507,8.4698372233117531493,50.315690314106326753
12.955403903534101318,7.2507492093725680604,22.598565863878590676
18.447836078875774035,1.1985137516203590025,19.881462540301090058
41.686145879715965634,7.4587001214444033081,102.02553959981257492
44.213334842067439467,1.351700173285540707,101.02972617522826226
9.1166664097507030817,7.1760953812147771913,17.967100531037655031
6.2593277964267768354,9.0312169197112002195,20.449008234640455584
39.03864633187254185,5.3673384038198950208,87.291909980218505893
31.656256397365982735,3.735715452039879203,56.965245311798746286
18.320894044680912316,6.3986163840832785965,30.027677240864939279
8.7234726459989175851,9.4227110480561666606,23.273242445048282434
41.461992380906288247,9.213278991413794472,104.15334866816789372
32.207959751026173478,6.6052073904822856676,65.512622825002281957
31.191121527813425729,2.1626990171404925078,53.274100083583455501
15.894611741409693906,3.8750614269044567628,20.176207219059854481
43.371714282101429205,7.8647686820432749499,109.86197742029351332
16.881612054522079802,4.7840263422745881172,24.155629027512294016
47.273771397942908834,4.8561097853430776894,121.48578383823347338
10.84184711754037167,2.8658587929351702073,11.869542629591974148
28.896762341793021278,1.875823198706962458,45.487923422203607515
47.196333546929629676,8.088192352001946972,127.03882394491785135
37.055175387688485955,6.5727073383308818322,81.491149649740520999
25.272399496010514497,9.4070543049256141188,51.044348946584506166
